{
  "intercept": 92.83109856199908,
  "coef_import_gap": 0.009919845466669762,
  "coef_hour_sin": -12.669137761494039,
  "coef_hour_cos": 9.747034320333631,
  "coef_is_weekend": -27.979149539129406,
  "r2": 0.3011946116987575,
  "slope_eur_per_100mw": 0.9919845466669762,
  "n_obs": 8659,
  "fit_window_days": 365
}