{
  "intercept": 95.6783551185547,
  "coef_import_gap": 0.01237727137800333,
  "coef_hour_sin": -9.953208603724077,
  "coef_hour_cos": -2.727640768784675,
  "coef_is_weekend": -28.331547893399087,
  "r2": 0.05058725688038768,
  "slope_eur_per_100mw": 1.237727137800333,
  "n_obs": 56931
}