{
 "demand_mw": 914.726320247928,
 "solar_mw": 796.128036306139,
 "wind_mw": 25.696159568703138
}